district,composite_lean,tier,tier_46,wp_46,tier_48,wp_48,tier_50,wp_50,current_holder,holder_matches_tier,pickup_opportunity,defensive_priority,contested_2024,margin_2024,candidate_effect_2024,swing_sd,n_contested,turnout_elasticity,target_mode,flip_threshold,realistic_target,open_seat_2026,open_seat_reason,current_incumbent_name,incumbent_status_2026,dem_candidate_2024,rep_candidate_2024,gov_2018_lean,statewide_avg_2018_lean,uss_2018_lean,pre_2020_lean,gov_2022_lean,statewide_avg_2022_lean,uss_2022_lean,pre_2024_lean,uss_2024_lean,composite_sensitivity,most_sensitive_race
18,0.434190,safe_d,safe_d,1.000000,safe_d,1.000000,safe_d,1.000000,D,True,False,False,True,0.787051,0.015902,,1,,insufficient_data,0.065800,False,True,term_limited_cleveland_council,Juanita Brent,open_seat,Juanita O. Brent (D),Justyn Anderson (R),0.408582,0.415801,0.375863,0.439463,0.442231,0.454645,0.428598,0.445054,0.418906,0.004043,gov2018
20,0.422616,safe_d,safe_d,1.000000,safe_d,1.000000,safe_d,1.000000,D,True,False,False,True,0.707506,-0.012297,,1,,insufficient_data,0.077400,False,False,,Terrence Upchurch (D),true_incumbent,Terrence Upchurch (D),Donna Walker-Brown (R),0.421221,0.429384,0.388654,0.432026,0.408703,0.441608,0.416036,0.425695,0.405575,0.004092,gov2022
22,0.394338,safe_d,safe_d,1.000000,safe_d,1.000000,safe_d,1.000000,D,True,False,False,True,0.726926,0.025691,,1,,insufficient_data,0.105700,False,False,,Darnell T. Brewer (D),true_incumbent,Darnell T. Brewer (D),Milan Wesley (R),0.391651,0.403014,0.363252,0.403476,0.371152,0.406167,0.382620,0.410421,0.395146,0.006819,gov2022
25,0.381378,safe_d,safe_d,1.000000,safe_d,1.000000,safe_d,1.000000,D,True,False,False,True,0.680390,0.015384,0.043708,2,1.368536,insufficient_data,0.118600,False,False,,Cecil Thomas (D),true_incumbent,Cecil Thomas (D),Jim Berns (R),0.351333,0.356245,0.322280,0.382362,0.398142,0.407170,0.376623,0.387697,0.364279,0.004931,gov2022
3,0.370548,safe_d,safe_d,1.000000,safe_d,1.000000,safe_d,1.000000,D,True,False,False,False,1.000000,,,1,,insufficient_data,0.129500,False,False,,Ismail Mohamed (D),true_incumbent,Ismail Mohamed (D),,0.363410,0.359017,0.329349,0.373544,0.389347,0.388436,0.364771,0.355082,0.343732,0.005529,gov2022
1,0.365645,safe_d,safe_d,1.000000,safe_d,1.000000,safe_d,1.000000,D,True,False,False,False,1.000000,,,0,,no_data,0.134400,False,False,,Dontavius Jarrells (D),true_incumbent,Dontavius Jarrells (D),,0.343579,0.337181,0.314790,0.365668,0.387479,0.381568,0.367946,0.366625,0.352123,0.006422,gov2022
13,0.312171,safe_d,safe_d,1.000000,safe_d,1.000000,safe_d,1.000000,D,True,False,False,True,0.529420,0.009105,0.016130,4,1.287097,structural,0.187800,False,False,,Tristan W. Rader (D),true_incumbent,Tristan W. Rader (D),Robert E. Dintaman (R),0.296265,0.300190,0.274267,0.293789,0.336540,0.335025,0.325222,0.302743,0.298732,0.007167,gov2022
2,0.311872,safe_d,safe_d,1.000000,safe_d,1.000000,safe_d,1.000000,D,True,False,False,False,1.000000,,,0,,no_data,0.188100,False,False,,Latyna M. Humphrey (D),true_incumbent,Latyna M. Humphrey (D),,0.312652,0.311481,0.285508,0.325481,0.306901,0.319852,0.301564,0.308366,0.302757,0.002149,pre2020
21,0.311296,safe_d,safe_d,1.000000,safe_d,1.000000,safe_d,1.000000,D,True,False,False,True,0.584386,0.037463,0.040040,2,1.347270,insufficient_data,0.188700,False,False,,Eric Synenberg (D),true_incumbent,Eric Synenberg (D),Joshua Malovasic (R),0.291638,0.307668,0.278446,0.322490,0.303947,0.320585,0.308777,0.326237,0.310750,0.003320,pre2024
38,0.302783,safe_d,safe_d,1.000000,safe_d,1.000000,safe_d,1.000000,D,True,False,False,False,1.000000,,,0,,no_data,0.197200,False,False,,Desiree Tims (D),true_incumbent,Desiree Tims (D),,0.298179,0.308311,0.283095,0.315629,0.286245,0.318471,0.297620,0.307059,0.297943,0.004864,gov2022
33,0.273932,safe_d,safe_d,1.000000,safe_d,1.000000,safe_d,1.000000,D,True,False,False,False,1.000000,,,1,,insufficient_data,0.226100,False,False,,Veronica Sims (D),true_incumbent,Veronica Sims (D),,0.277909,0.272254,0.246324,0.279537,0.280851,0.284865,0.273646,0.259312,0.253561,0.003249,pre2024
24,0.273560,safe_d,safe_d,1.000000,safe_d,1.000000,safe_d,1.000000,D,True,False,False,True,0.449909,0.007961,0.012767,2,1.243017,insufficient_data,0.226400,False,False,,Dani Isaacsohn (D),true_incumbent,Dani Isaacsohn (D),John Sess (R),0.246019,0.251646,0.226797,0.285803,0.284804,0.286741,0.269482,0.280350,0.265780,0.004349,gov2018
7,0.246585,safe_d,safe_d,0.999996,safe_d,1.000000,safe_d,1.000000,D,True,False,False,False,1.000000,,,0,,no_data,0.253400,False,True,term_limited_sos_race,Allison Russo,open_seat,Allison Russo (D),,0.203492,0.185284,0.188877,0.262263,0.267280,0.255286,0.264027,0.269000,0.252331,0.006804,gov2018
26,0.245232,safe_d,safe_d,0.999995,safe_d,0.999999,safe_d,1.000000,D,True,False,False,True,0.381726,0.002197,,1,,insufficient_data,0.254800,False,False,,Sedrick Denson (D),true_incumbent,Sedrick Denson (D),John Breadon (R),0.203949,0.204509,0.186483,0.256320,0.259881,0.261076,0.253331,0.264936,0.242991,0.006518,gov2018
9,0.228827,safe_d,safe_d,0.999978,safe_d,0.999997,safe_d,1.000000,D,True,False,False,False,1.000000,,,0,,no_data,0.271200,False,False,,Munira Yasin Abdullahi (D),true_incumbent,Munira Yasin Abdullahi (D),,0.217061,0.210938,0.196537,0.247552,0.227177,0.232708,0.227100,0.235147,0.232062,0.002957,pre2020
42,0.210895,safe_d,safe_d,0.999890,safe_d,0.999982,safe_d,0.999997,D,True,False,False,False,1.000000,,,0,,no_data,0.289100,False,False,,Elgin Rogers Jr. (D),true_incumbent,Elgin Rogers Jr. (D),,0.251004,0.251016,0.239531,0.219325,0.166837,0.221265,0.212992,0.200241,0.201464,0.012958,gov2022
8,0.191668,safe_d,safe_d,0.999871,safe_d,0.999982,safe_d,0.999998,D,True,False,False,True,0.290339,0.010068,0.027379,2,1.143012,insufficient_data,0.308300,False,False,,Anita Somani (D),true_incumbent,Anita Somani (D),Aaron Neumann (R),0.148943,0.134950,0.138031,0.210994,0.202738,0.198287,0.206268,0.220132,0.205755,0.006746,gov2018
43,0.150531,safe_d,safe_d,0.996197,safe_d,0.999189,safe_d,0.999861,D,True,False,False,True,0.206996,0.009533,0.026960,2,1.325260,insufficient_data,0.349500,False,False,,Michele Grim (D),true_incumbent,Michele Grim (D),Wendi Hendricks (R),0.169298,0.162373,0.169384,0.155670,0.121921,0.163117,0.170987,0.147978,0.150980,0.008415,gov2022
41,0.136209,safe_d,safe_d,0.981260,safe_d,0.994014,safe_d,0.998388,D,True,False,False,True,0.219375,0.030045,,1,,insufficient_data,0.363800,False,False,,Erika White (D),true_incumbent,Erika White (D),Josiah Leinbach (R),0.146116,0.136868,0.145286,0.144384,0.107002,0.145136,0.151926,0.147174,0.143634,0.008590,gov2022
5,0.128720,safe_d,safe_d,0.972479,safe_d,0.990640,safe_d,0.997312,D,True,False,False,False,1.000000,,,1,,insufficient_data,0.371300,False,False,,Meredith Lawson-Rowe (D),true_incumbent,Meredith Lawson-Rowe (D),,0.124543,0.119949,0.107623,0.131821,0.125721,0.125977,0.120753,0.140064,0.141867,0.002521,pre2024
16,0.126022,safe_d,safe_d,0.968572,safe_d,0.989067,safe_d,0.996787,D,True,False,False,True,0.214065,0.037577,,1,,insufficient_data,0.374000,False,False,,Bride Rose Sweeney (D),true_incumbent,Bride Rose Sweeney (D),Daniel James Harrington (R),0.092786,0.099366,0.094189,0.135116,0.126412,0.128566,0.148356,0.151037,0.146865,0.005559,pre2024
6,0.121055,safe_d,safe_d,0.978948,safe_d,0.994361,safe_d,0.998799,D,True,False,False,True,0.205595,0.038308,0.017653,2,1.448343,insufficient_data,0.378900,False,False,,Christine Cockley (D),true_incumbent,Christine Cockley (D),Hussein Jabiri (R),0.115464,0.105612,0.099780,0.119515,0.132023,0.127979,0.132097,0.115700,0.124265,0.003226,gov2022
4,0.112373,safe_d,safe_d,0.967242,safe_d,0.990630,safe_d,0.997879,D,True,False,False,True,0.147638,0.018012,0.012557,2,1.359567,insufficient_data,0.387600,False,False,,Beryl Brown Piccolantonio (D),true_incumbent,Beryl Brown Piccolantonio (D),Jason Allevato (R),0.068035,0.055604,0.059358,0.131707,0.118105,0.115008,0.127220,0.149097,0.136543,0.008161,pre2024
11,0.096155,safe_d,likely_d,0.909672,safe_d,0.965280,safe_d,0.989057,D,True,False,True,True,0.036739,-0.021219,0.029585,2,1.276471,insufficient_data,0.403800,False,False,,Crystal Lett (D),true_incumbent,Crystal Lett (D),Stephanie L. Kunze (R),0.052325,0.036000,0.047130,0.119697,0.102183,0.096546,0.115426,0.131579,0.119197,0.007872,pre2024
58,0.094632,likely_d,likely_d,0.881279,likely_d,0.946725,safe_d,0.979641,D,True,False,False,True,0.160381,0.042125,,1,,insufficient_data,0.405400,False,False,,Lauren McNally (D),true_incumbent,Lauren McNally (D),Emily Ciccone (R),0.160789,0.145432,0.144894,0.108666,0.038903,0.088241,0.086101,0.080048,0.087747,0.016391,gov2022
19,0.094300,safe_d,likely_d,0.895779,safe_d,0.957389,safe_d,0.985536,D,True,False,False,True,0.140474,0.032503,0.034958,2,1.310894,insufficient_data,0.405700,False,False,,Phil Robinson (D),true_incumbent,Phil Robinson (D),Kenny Godnavec (R),0.064312,0.073583,0.068082,0.099205,0.094819,0.100220,0.112896,0.114879,0.112125,0.004735,gov2018
28,0.089844,safe_d,safe_d,0.957233,safe_d,0.992010,safe_d,0.999030,D,True,False,False,True,0.118353,0.025898,0.024723,4,1.264217,structural,0.410200,False,False,,Karen Brownlee (D),true_incumbent,Karen Brownlee (D),Jenn Giroux (R),0.042831,0.045084,0.030735,0.108700,0.090142,0.097038,0.097026,0.128603,0.111702,0.008613,pre2024
34,0.082717,likely_d,likely_d,0.864760,likely_d,0.947157,safe_d,0.983571,D,True,False,False,True,0.063659,0.005678,0.004393,2,1.191841,insufficient_data,0.417300,False,False,,Derrick Hall (D),true_incumbent,Derrick Hall (D),Adam Bozic (R),0.062877,0.056003,0.050442,0.089758,0.087043,0.083508,0.096144,0.099099,0.094443,0.003640,pre2024
27,0.081150,likely_d,likely_d,0.856212,likely_d,0.942984,safe_d,0.982012,D,True,False,False,True,0.115118,0.032976,0.001106,2,1.268909,insufficient_data,0.418800,False,False,,Rachel Baker (D),true_incumbent,Rachel Baker (D),Curt C. Hartman (R),0.027872,0.026742,0.017566,0.101053,0.088701,0.090499,0.093359,0.118866,0.099106,0.008412,gov2018
53,0.077548,likely_d,likely_d,0.814790,likely_d,0.915089,safe_d,0.967833,D,True,False,False,True,0.125434,0.041735,0.029465,2,1.272402,insufficient_data,0.422500,False,False,,Joe Miller (D),true_incumbent,Joe Miller (D),Bradley Lacko (R),0.096131,0.098007,0.097859,0.074454,0.062790,0.077980,0.085540,0.068535,0.084551,0.004340,gov2022
15,0.073217,likely_d,likely_d,0.763717,likely_d,0.875094,likely_d,0.943324,D,True,False,False,True,0.090949,0.028823,,1,,insufficient_data,0.426800,False,False,,Chris Glassburn (D),true_incumbent,Chris Glassburn (D),Aaron L. Borowski (R),0.073952,0.088556,0.082674,0.071400,0.063672,0.073159,0.088391,0.071649,0.087650,0.002807,gov2022
14,0.056739,likely_d,lean_d,0.662574,likely_d,0.821402,likely_d,0.922479,D,True,False,False,True,0.162258,0.080956,0.017823,2,1.283653,insufficient_data,0.443300,False,False,,Sean Patrick Brennan (D),true_incumbent,Sean Patrick Brennan (D),David Morgan (R),0.072406,0.086594,0.077524,0.044126,0.042523,0.059678,0.066954,0.049019,0.065521,0.004181,gov2022
10,0.052325,likely_d,lean_d,0.614640,likely_d,0.777669,likely_d,0.892004,D,True,False,True,True,0.030370,0.019425,0.031178,2,1.600314,insufficient_data,0.447700,False,False,,Mark Sigrist (D),true_incumbent,Mark Sigrist (D),Brian M. Garvine (R),0.064330,0.035107,0.038741,0.042998,0.060420,0.048957,0.053003,0.052117,0.055649,0.002381,gov2022
31,0.049990,lean_d,lean_d,0.585518,lean_d,0.741678,likely_d,0.860156,R,False,True,False,True,-0.059541,-0.023194,,1,,insufficient_data,0.450000,True,True,term_limited,Bill Roemer,open_seat,A. J. Harris (D),Bill Roemer (R),0.044483,0.034682,0.031874,0.045135,0.057511,0.054561,0.063703,0.051676,0.055827,0.002212,gov2022
23,0.041209,lean_d,tossup,0.512347,lean_d,0.706447,likely_d,0.854313,D,True,False,True,True,0.057649,0.044181,0.009747,2,1.287089,insufficient_data,0.458800,False,False,,Daniel P. Troy (D),true_incumbent,Daniel P. Troy (D),Tony Hocevar (R),0.029085,0.042269,0.045624,0.036507,0.036110,0.040896,0.054492,0.052919,0.060320,0.002602,pre2024
36,0.038330,lean_d,tossup,0.483063,lean_d,0.679442,likely_d,0.835157,R,False,True,False,True,-0.047468,-0.005498,0.012832,2,1.374117,insufficient_data,0.461700,True,False,,Andrea White (R),true_incumbent,Rose Lounsbury (D),Andrea White (R),-0.002770,0.001364,0.009356,0.039778,0.046281,0.050870,0.050879,0.063368,0.061908,0.006490,gov2018
49,0.037271,lean_d,tossup,0.472074,lean_d,0.671254,likely_d,0.830669,R,False,True,False,True,-0.047818,-0.004614,0.008256,2,1.351978,insufficient_data,0.462700,True,False,,Jim Thomas (R),true_incumbent,Krista L. Allison (D),Jim Thomas (R),0.040546,0.042886,0.029396,0.048128,0.024564,0.033309,0.033982,0.043166,0.041070,0.003737,gov2022
52,0.034382,lean_d,lean_r,0.442326,lean_d,0.644826,likely_d,0.812690,R,False,True,False,True,-0.143399,-0.049515,0.003008,2,1.433103,insufficient_data,0.465600,True,True,term_limited,Gayle Manning,open_seat,Genevieve Flieger (D),Gayle Manning (R),0.035931,0.043674,0.051041,0.031796,0.024576,0.031408,0.048075,0.036989,0.051260,0.002884,gov2022
35,0.033478,lean_d,lean_r,0.443920,lean_d,0.614650,likely_d,0.765453,R,False,True,False,True,-0.050984,-0.002404,,1,,insufficient_data,0.466500,True,True,retiring_state_senate,Steve Demetriou,open_seat,Mark Curtis (D),Steve Demetriou (R),0.012697,0.016444,0.014142,0.038389,0.035023,0.032523,0.046376,0.049683,0.048699,0.003601,pre2024
64,0.015247,tossup,lean_r,0.286189,tossup,0.456838,lean_d,0.635984,R,True,True,False,True,-0.124580,-0.020971,0.037661,2,1.261306,insufficient_data,0.484800,True,False,,Nick Santucci (R),true_incumbent,Lauren Mathews (D),Nick Santucci (R),0.071815,0.062641,0.069914,0.008409,-0.021114,0.018696,0.018933,-0.008643,0.009112,0.010695,gov2022
17,0.012274,lean_r,lean_r,0.274397,lean_r,0.433656,lean_d,0.604658,R,True,True,False,True,-0.091362,-0.001389,,1,,insufficient_data,0.487700,True,False,,Mike Dovilla (R),true_incumbent,Jessica Sutherland (D),Mike Dovilla (R),-0.005825,0.000433,-0.003640,0.012235,0.011313,0.016292,0.035010,0.024411,0.031160,0.002858,gov2018
60,0.008123,lean_r,likely_r,0.245307,lean_r,0.398652,lean_d,0.569719,R,True,True,False,True,-0.085027,0.005930,,1,,insufficient_data,0.491900,True,False,,Brian Lorenz (R),true_incumbent,Rachael Morocco (D),Brian Lorenz (R),-0.038712,-0.052759,-0.043619,0.036675,0.006139,0.006789,0.023863,0.052854,0.037732,0.009940,pre2024
39,0.007152,lean_r,likely_r,0.208544,lean_r,0.375470,lean_d,0.570122,R,True,True,False,True,-0.176314,-0.038743,0.021729,2,1.229960,insufficient_data,0.492800,True,True,retiring_state_senate,Phil Plummer,open_seat,Dion Green (D),Phil Plummer (R),-0.013224,-0.005144,0.001981,0.014440,-0.002987,0.010980,0.005699,0.028232,0.029212,0.004685,pre2024
72,-0.001553,lean_r,likely_r,0.194890,lean_r,0.327770,tossup,0.487179,R,True,True,False,True,-0.173757,-0.028759,0.052839,2,1.292379,insufficient_data,0.501600,True,False,,Heidi Workman (R),true_incumbent,Nathaniel Adams (D),Heidi Workman (R),0.026928,0.029804,0.012143,-0.026146,0.005914,-0.001747,-0.001534,-0.027578,-0.015451,0.005783,pre2024
32,-0.002299,lean_r,likely_r,0.150480,lean_r,0.292775,tossup,0.477583,R,True,True,False,True,-0.144848,-0.013559,0.024177,2,1.425347,insufficient_data,0.502300,True,False,,Jack K. Daniels (R),true_incumbent,Jim Colopy (D),Jack K. Daniels (R),0.022724,0.012136,0.000097,-0.017867,-0.002371,-0.004099,-0.001619,-0.014739,-0.005543,0.003951,gov2018
44,-0.006384,lean_r,likely_r,0.157920,lean_r,0.284153,lean_r,0.445099,R,True,True,False,True,-0.153606,-0.013853,,1,,insufficient_data,0.506400,True,True,retiring_congress,Josh Williams,open_seat,Dave Blyth (D),Josh Williams (R),-0.007218,-0.017723,0.006188,0.002235,-0.027887,0.000249,0.019702,0.008480,0.001776,0.006325,gov2022
75,-0.008378,likely_r,likely_r,0.105589,likely_r,0.231648,lean_r,0.414287,R,True,False,False,True,-0.188043,-0.029077,0.000751,2,1.306348,insufficient_data,0.508400,True,False,,Haraz N. Ghanbari (R),true_incumbent,Jan K. Materni (D),Haraz N. Ghanbari (R),-0.003593,-0.012767,0.020746,-0.001403,-0.026474,-0.011436,0.008917,0.001214,0.003197,0.005322,gov2022
37,-0.018443,likely_r,likely_r,0.103148,likely_r,0.202896,lean_r,0.345011,R,True,False,False,False,-1.000000,,,0,,no_data,0.518400,True,False,,Tom Young (R),true_incumbent,,Tom Young (R),-0.058663,-0.055572,-0.046223,-0.000772,-0.019464,-0.014115,-0.011084,0.011636,0.005483,0.006684,pre2024
29,-0.022784,likely_r,likely_r,0.087281,likely_r,0.177432,lean_r,0.311113,R,True,False,False,True,-0.143974,0.007363,,1,,insufficient_data,0.522800,False,False,,Cindy Abrams (R),true_incumbent,Joe Salvato (D),Cindy Abrams (R),-0.052893,-0.044726,-0.057805,-0.014711,-0.020940,-0.023888,-0.032642,0.004016,-0.003457,0.005955,pre2024
89,-0.033136,likely_r,safe_r,0.035426,likely_r,0.094686,likely_r,0.206551,R,True,False,False,True,-0.173360,0.003022,0.021775,2,1.405612,insufficient_data,0.533100,False,False,,D.J. Swearingen (R),true_incumbent,Alicia W. Roshong (D),D.J. Swearingen (R),-0.005773,-0.021051,0.002432,-0.042894,-0.048926,-0.036145,-0.021640,-0.037700,-0.027416,0.004644,gov2022
73,-0.046639,likely_r,safe_r,0.030496,likely_r,0.074785,likely_r,0.156593,R,True,False,False,True,-0.219020,-0.006305,,1,,insufficient_data,0.546600,False,False,,Jeff LaRe (R),true_incumbent,Michael Scarmack (D),Jeff LaRe (R),-0.062094,-0.064921,-0.058467,-0.042453,-0.044890,-0.050312,-0.042311,-0.031327,-0.031492,0.003403,pre2024
68,-0.048687,likely_r,safe_r,0.027566,likely_r,0.068727,likely_r,0.146206,R,True,False,False,True,-0.177225,0.016640,,1,,insufficient_data,0.548700,False,False,,Thad Claggett (R),true_incumbent,Michael E. Smith (D),Thad Claggett (R),-0.062197,-0.062076,-0.064614,-0.050193,-0.039929,-0.048383,-0.044757,-0.042964,-0.038443,0.002576,gov2022
57,-0.053968,safe_r,safe_r,0.007576,safe_r,0.027950,likely_r,0.081525,R,True,False,False,True,-0.252452,-0.015692,0.000057,2,1.309083,insufficient_data,0.554000,False,True,term_limited,Jamie Callender,open_seat,Rick Walker (D),Jamie Callender (R),-0.062231,-0.053165,-0.045494,-0.059358,-0.052343,-0.058091,-0.044575,-0.049038,-0.039032,0.001305,gov2018
59,-0.056212,safe_r,safe_r,0.018737,safe_r,0.049669,likely_r,0.112074,R,True,False,False,True,-0.141336,0.042110,,1,,insufficient_data,0.556200,False,False,,Tex Fischer (R),true_incumbent,Laura Schaeffer (D),Tex Fischer (R),-0.004583,-0.027435,-0.011379,-0.052345,-0.094135,-0.062244,-0.059839,-0.065472,-0.056110,0.011154,gov2022
70,-0.064580,safe_r,safe_r,0.003669,safe_r,0.015066,safe_r,0.048900,R,True,False,False,True,-0.230855,0.005719,0.009059,2,1.339644,insufficient_data,0.564600,False,False,,Brian Lampton (R),true_incumbent,Joseph Wilson (D),Brian Lampton (R),-0.115013,-0.106826,-0.096527,-0.047785,-0.061923,-0.058569,-0.058914,-0.029450,-0.037882,0.007963,gov2018
65,-0.065296,safe_r,safe_r,0.011393,safe_r,0.032555,likely_r,0.078973,R,True,False,False,False,-1.000000,,,0,,no_data,0.565300,False,False,,David Thomas (R),true_incumbent,,David Thomas (R),-0.021957,-0.030411,-0.020940,-0.078286,-0.083487,-0.064563,-0.066339,-0.086942,-0.072422,0.006843,gov2018
56,-0.065368,safe_r,safe_r,0.003855,safe_r,0.015435,safe_r,0.049167,R,True,False,False,True,-0.251155,-0.003643,0.014937,2,1.297958,insufficient_data,0.565400,False,False,,Adam Mathews (R),true_incumbent,Cleveland Canova (D),Adam Mathews (R),-0.112543,-0.112724,-0.124331,-0.049920,-0.056164,-0.053242,-0.051681,-0.036890,-0.049156,0.007449,gov2018
74,-0.065451,safe_r,safe_r,0.003325,safe_r,0.013934,safe_r,0.046050,R,True,False,False,True,-0.283916,-0.019940,0.006568,2,1.386936,insufficient_data,0.565500,False,False,,Bernard Willis (R),true_incumbent,Derek I. Alvarado (D),Bernard Willis (R),-0.062509,-0.050772,-0.023440,-0.058977,-0.071314,-0.063140,-0.064123,-0.077684,-0.073424,0.002718,pre2024
45,-0.065938,safe_r,safe_r,0.003658,safe_r,0.014786,safe_r,0.047517,R,True,False,False,True,-0.237665,0.003672,0.014508,2,1.320578,insufficient_data,0.565900,False,False,,Jennifer Gross (R),true_incumbent,Landon P. Meador (D),Jennifer Gross (R),-0.100127,-0.099281,-0.114496,-0.049498,-0.061804,-0.062940,-0.067853,-0.041072,-0.049906,0.005526,pre2024
61,-0.066262,safe_r,safe_r,0.004353,safe_r,0.016601,likely_r,0.050933,R,True,False,False,True,-0.235980,0.004838,0.021893,2,1.353658,insufficient_data,0.566300,False,False,,Beth Lear (R),true_incumbent,David Hogan (D),Beth Lear (R),-0.097399,-0.106553,-0.101046,-0.060971,-0.054148,-0.067586,-0.060069,-0.041573,-0.049209,0.005487,pre2024
54,-0.067704,safe_r,safe_r,0.005597,safe_r,0.019436,likely_r,0.055410,R,True,False,False,True,-0.309994,-0.030727,0.031936,2,1.309941,insufficient_data,0.567700,False,False,,Kellie Deeter (R),true_incumbent,Brenda Buchanan (D),Kellie Deeter (R),-0.045903,-0.041159,-0.028143,-0.094561,-0.058913,-0.069083,-0.065741,-0.090876,-0.073517,0.005149,pre2024
66,-0.069052,safe_r,safe_r,0.002478,safe_r,0.010881,safe_r,0.037605,R,True,False,False,True,-0.308124,-0.028444,0.005593,2,1.306335,insufficient_data,0.569100,False,False,,Sharon A. Ray (R),true_incumbent,Bradford Scott Quade (D),Sharon A. Ray (R),-0.084743,-0.081320,-0.085370,-0.072956,-0.060857,-0.066296,-0.058021,-0.062851,-0.057125,0.002478,gov2018
99,-0.069140,safe_r,safe_r,0.004581,safe_r,0.016651,safe_r,0.049382,R,True,False,False,True,-0.290654,-0.019621,0.029274,2,1.228154,insufficient_data,0.569100,False,False,,Sarah Fowler Arthur (R),true_incumbent,Louis Murphy (D),Sarah Fowler Arthur (R),-0.068162,-0.061377,-0.055528,-0.077161,-0.062817,-0.072349,-0.064740,-0.076079,-0.066771,0.001860,gov2022
47,-0.069844,safe_r,safe_r,0.003520,safe_r,0.013752,safe_r,0.043301,R,True,False,False,True,-0.232224,0.010298,0.023407,2,1.411270,insufficient_data,0.569800,False,False,,Diane Mullins (R),true_incumbent,Vanessa R. Cummings (D),Diane Mullins (R),-0.081762,-0.082538,-0.096434,-0.070031,-0.059416,-0.066528,-0.077942,-0.065748,-0.069270,0.003067,gov2022
50,-0.070701,safe_r,safe_r,0.008336,safe_r,0.024917,likely_r,0.063145,R,True,False,False,True,-0.332756,-0.039111,,1,,insufficient_data,0.570700,False,False,,Matthew Kishman (R),true_incumbent,Doremus C. Redvine (D),Matthew Kishman (R),-0.046261,-0.045381,-0.049980,-0.088436,-0.071936,-0.072933,-0.070588,-0.086465,-0.075941,0.003859,gov2018
48,-0.074650,safe_r,safe_r,0.001527,safe_r,0.007233,safe_r,0.026881,R,True,False,False,True,-0.378049,-0.057808,0.001903,2,1.305368,insufficient_data,0.574600,False,False,,Scott Oelslager (R),true_incumbent,Lynn C. Gorman (D),Scott Oelslager (R),-0.075633,-0.073798,-0.077549,-0.077696,-0.073085,-0.076324,-0.067630,-0.073855,-0.072315,0.000481,pre2020
95,-0.078905,safe_r,safe_r,0.007051,safe_r,0.020586,likely_r,0.051665,R,True,False,False,True,-0.345829,-0.037443,0.053215,2,1.198297,insufficient_data,0.578900,False,False,,Don Jones (R),true_incumbent,Micah McCarey (D),Don Jones (R),-0.054952,-0.030584,-0.032131,-0.119147,-0.062322,-0.075071,-0.089131,-0.112954,-0.103177,0.007566,pre2024
46,-0.100318,safe_r,safe_r,0.000144,safe_r,0.000937,safe_r,0.004761,R,True,False,False,True,-0.325727,-0.005979,0.000684,2,1.410726,insufficient_data,0.600300,False,False,,Thomas Hall (R),true_incumbent,Benjamin McCall (D),Thomas Hall (R),-0.124227,-0.124383,-0.139531,-0.097811,-0.086470,-0.088658,-0.096842,-0.093942,-0.099829,0.004073,gov2022
88,-0.109929,safe_r,safe_r,0.000000,safe_r,0.000000,safe_r,0.000014,R,True,False,False,True,-0.331363,0.000813,0.020828,4,1.337418,structural,0.609900,False,False,,Gary Click (R),true_incumbent,Dianne Selvey (D),Gary Click (R),-0.092287,-0.097133,-0.050711,-0.115312,-0.121587,-0.117288,-0.099489,-0.114655,-0.107854,0.003429,gov2022
62,-0.109972,safe_r,safe_r,0.000055,safe_r,0.000403,safe_r,0.002289,R,True,False,False,True,-0.269383,0.031847,0.005015,2,1.339352,insufficient_data,0.610000,False,False,,Jean Schmidt (R),true_incumbent,Katie Vockell (D),Jean Schmidt (R),-0.152637,-0.151654,-0.163883,-0.112600,-0.088621,-0.096260,-0.101566,-0.089253,-0.098744,0.006737,gov2018
86,-0.111888,safe_r,safe_r,0.000000,safe_r,0.000000,safe_r,0.000000,R,True,False,False,True,-0.378803,-0.020947,0.010657,4,1.410166,structural,0.611900,False,False,,Tracy Richardson (R),true_incumbent,Lesley Verbus (D),Tracy Richardson (R),-0.127034,-0.132256,-0.126748,-0.120487,-0.098868,-0.106373,-0.109417,-0.105367,-0.101446,0.003829,gov2022
94,-0.112716,safe_r,safe_r,0.001688,safe_r,0.005427,safe_r,0.015252,R,True,False,False,True,-0.387323,-0.024380,0.063704,2,1.437028,insufficient_data,0.612700,False,False,,Kevin Ritter (R),true_incumbent,Wenda Sheard (D),Kevin Ritter (R),-0.104646,-0.093484,-0.088583,-0.138706,-0.090810,-0.100199,-0.126862,-0.140781,-0.137228,0.006443,gov2022
67,-0.120466,safe_r,safe_r,0.000260,safe_r,0.001193,safe_r,0.004593,R,True,False,False,False,-1.000000,,,1,,insufficient_data,0.620500,False,False,,Melanie Miller (R),true_incumbent,,Melanie Miller (R),-0.117803,-0.112336,-0.107655,-0.136879,-0.111246,-0.123150,-0.115593,-0.127294,-0.115054,0.002712,gov2022
92,-0.123701,safe_r,safe_r,0.000200,safe_r,0.000943,safe_r,0.003736,R,True,False,False,True,-0.431664,-0.035565,,1,,insufficient_data,0.623700,False,False,,Mark Johnson (R),true_incumbent,Arthur Donald Beatty (D),Mark Johnson (R),-0.095326,-0.084313,-0.081650,-0.154724,-0.112371,-0.121554,-0.131637,-0.156618,-0.143016,0.007315,pre2024
96,-0.126422,safe_r,safe_r,0.000016,safe_r,0.000128,safe_r,0.000798,R,True,False,False,False,-1.000000,,0.018899,2,1.388773,insufficient_data,0.626400,False,False,,Ron Ferguson (R),true_incumbent,,Ron Ferguson (R),-0.100139,-0.053642,-0.052638,-0.163978,-0.119312,-0.114637,-0.128817,-0.174223,-0.153555,0.010622,pre2024
77,-0.133545,safe_r,safe_r,0.000004,safe_r,0.000036,safe_r,0.000279,R,True,False,False,True,-0.386592,-0.003185,0.000505,2,1.333472,insufficient_data,0.633500,False,False,,Meredith Craig (R),true_incumbent,Mark D. Gooch (D),Meredith Craig (R),-0.133047,-0.134896,-0.144938,-0.147359,-0.116787,-0.131956,-0.135531,-0.141546,-0.140756,0.004929,gov2022
51,-0.137724,safe_r,safe_r,0.000061,safe_r,0.000324,safe_r,0.001449,R,True,False,False,True,-0.449880,-0.030650,,1,,insufficient_data,0.637700,False,False,,Jodi Salvo (R),true_incumbent,Joe Rinehart (D),Jodi Salvo (R),-0.113436,-0.090356,-0.106438,-0.169504,-0.126374,-0.135932,-0.141479,-0.169685,-0.158022,0.007103,pre2024
76,-0.142312,safe_r,safe_r,0.000040,safe_r,0.000224,safe_r,0.001044,R,True,False,False,True,-0.438830,-0.020537,,1,,insufficient_data,0.642300,False,False,,Marilyn S. John (R),true_incumbent,Emily Adams (D),Marilyn S. John (R),-0.137596,-0.134597,-0.129785,-0.160816,-0.122234,-0.144242,-0.160098,-0.156834,-0.150268,0.005905,gov2022
71,-0.144115,safe_r,safe_r,0.000001,safe_r,0.000012,safe_r,0.000101,R,True,False,False,True,-0.408748,-0.003693,0.004863,2,1.353635,insufficient_data,0.644100,False,False,,Levi P. Dean (R),true_incumbent,Krista Magaw (D),Levi P. Dean (R),-0.161259,-0.151243,-0.139865,-0.151717,-0.130234,-0.135716,-0.144514,-0.145324,-0.147303,0.004082,gov2022
30,-0.146077,safe_r,safe_r,0.000000,safe_r,0.000000,safe_r,0.000000,R,True,False,False,True,-0.374938,0.015174,0.014450,3,1.290936,structural,0.646100,False,False,,Mike Odioso (R),true_incumbent,Stefanie A. Hawk (D),Mike Odioso (R),-0.196248,-0.191968,-0.185917,-0.140834,-0.129749,-0.141911,-0.137009,-0.115146,-0.121983,0.007922,gov2018
97,-0.149779,safe_r,safe_r,0.000001,safe_r,0.000007,safe_r,0.000063,R,True,False,False,False,-1.000000,,0.009916,2,1.356200,insufficient_data,0.649800,False,False,,Adam P. Holmes (R),true_incumbent,,Adam P. Holmes (R),-0.136999,-0.117187,-0.105141,-0.163492,-0.146468,-0.152622,-0.152431,-0.169081,-0.163970,0.004289,pre2024
12,-0.157804,safe_r,safe_r,0.000009,safe_r,0.000060,safe_r,0.000322,R,True,False,False,True,-0.458430,-0.014845,,1,,insufficient_data,0.657800,False,False,,Brian Stewart (R),true_incumbent,Brad W. Cotton (D),Brian Stewart (R),-0.146823,-0.160130,-0.149890,-0.175827,-0.140489,-0.163411,-0.160921,-0.168374,-0.161887,0.005092,gov2022
79,-0.170145,safe_r,safe_r,0.000000,safe_r,0.000000,safe_r,0.000006,R,True,False,False,True,-0.492234,-0.019406,0.003183,2,1.410023,insufficient_data,0.670100,False,False,,Monica Robb Blasdel (R),true_incumbent,Dan Votaw (D),Monica Robb Blasdel (R),-0.142942,-0.145135,-0.142827,-0.192200,-0.168048,-0.166972,-0.169681,-0.192646,-0.179496,0.005000,pre2024
81,-0.175488,safe_r,safe_r,0.000002,safe_r,0.000012,safe_r,0.000074,R,True,False,False,True,-0.540658,-0.038275,,1,,insufficient_data,0.675500,False,True,term_limited_state_senate,Jim Hoops,open_seat,Gregory Adams (D),James M. Hoops (R),-0.179213,-0.177277,-0.127137,-0.180336,-0.178940,-0.171262,-0.157016,-0.175330,-0.175661,0.001124,uss2018
55,-0.176618,safe_r,safe_r,0.000000,safe_r,0.000000,safe_r,0.000004,R,True,False,False,True,-0.450541,0.007914,0.016369,2,1.361962,insufficient_data,0.676600,False,False,,C. Michelle Teska (R),true_incumbent,Laura Marie Davis (D),C. Michelle Teska (R),-0.213218,-0.211030,-0.222645,-0.177282,-0.156767,-0.163518,-0.174264,-0.161847,-0.171803,0.005838,gov2022
83,-0.177110,safe_r,safe_r,0.000000,safe_r,0.000000,safe_r,0.000000,R,True,False,False,True,-0.501687,-0.017167,0.030798,3,1.414994,structural,0.677100,False,False,,Ty Mathews (R),true_incumbent,Sheila M. Coressel (D),Ty Mathews (R),-0.186331,-0.196096,-0.160578,-0.182712,-0.166048,-0.180498,-0.171774,-0.171708,-0.172359,0.003254,gov2022
90,-0.177541,safe_r,safe_r,0.002404,safe_r,0.005228,safe_r,0.010692,R,True,False,False,True,-0.535684,-0.033734,0.087105,3,1.360012,hybrid,0.677500,False,False,,Justin Pizzulli (R),true_incumbent,Kate Nunnelley (D),Justin Pizzulli (R),-0.145850,-0.144491,-0.134138,-0.207124,-0.164003,-0.168156,-0.193450,-0.214907,-0.210107,0.008303,pre2024
78,-0.180406,safe_r,safe_r,0.000001,safe_r,0.000007,safe_r,0.000048,R,True,False,False,False,-1.000000,,,0,,no_data,0.680400,False,False,,Matt Huffman (R),true_incumbent,,Matt Huffman (R),-0.189073,-0.187757,-0.148580,-0.177671,-0.175228,-0.180868,-0.195666,-0.181217,-0.177462,0.001523,gov2022
98,-0.181915,safe_r,safe_r,0.000001,safe_r,0.000006,safe_r,0.000042,R,True,False,False,True,-0.509559,-0.016299,,1,,insufficient_data,0.681900,False,False,,Mark Hiner (R),true_incumbent,Annie Homstad (D),Mark Hiner (R),-0.176396,-0.165471,-0.176362,-0.211987,-0.156869,-0.178244,-0.188171,-0.201111,-0.200236,0.007366,gov2022
69,-0.186668,safe_r,safe_r,0.000000,safe_r,0.000000,safe_r,0.000003,R,True,False,False,True,-0.535550,-0.024541,0.025650,2,1.305755,insufficient_data,0.686700,False,False,,Kevin Miller (R),true_incumbent,Jamie Hough (D),Kevin Miller (R),-0.182735,-0.179800,-0.177204,-0.206458,-0.167153,-0.187612,-0.192527,-0.199773,-0.196957,0.005740,gov2022
93,-0.187857,safe_r,safe_r,0.000000,safe_r,0.000003,safe_r,0.000024,R,True,False,False,False,-1.000000,,,1,,insufficient_data,0.687900,False,False,,Jason Stephens (R),true_incumbent,,Jason Stephens (R),-0.169504,-0.166603,-0.153757,-0.213203,-0.168314,-0.178417,-0.210318,-0.218599,-0.218268,0.006832,pre2024
63,-0.194077,safe_r,safe_r,0.000000,safe_r,0.000000,safe_r,0.000000,R,True,False,False,True,-0.509744,-0.004229,0.005477,2,1.452549,insufficient_data,0.694100,False,False,,Adam C. Bird (R),true_incumbent,Tracey D. McCullough (D),Adam C. Bird (R),-0.211426,-0.210024,-0.223272,-0.212683,-0.166910,-0.182342,-0.193224,-0.196376,-0.201984,0.007990,gov2022
80,-0.197756,safe_r,safe_r,0.000000,safe_r,0.000000,safe_r,0.000000,R,True,False,False,True,-0.497594,0.005525,0.009757,3,1.360476,structural,0.697800,False,False,,Johnathan Newman (R),true_incumbent,Melissa VanDyke (D),Johnathan Newman (R),-0.213550,-0.214949,-0.192818,-0.199701,-0.188239,-0.196791,-0.202428,-0.190103,-0.191376,0.002799,gov2022
40,-0.200805,safe_r,safe_r,0.000000,safe_r,0.000000,safe_r,0.000003,R,True,False,False,True,-0.541464,-0.013361,0.038296,2,1.412337,insufficient_data,0.700800,False,False,,Rodney Creech (R),true_incumbent,Bobbie Arnold (D),Rodney Creech (R),-0.214687,-0.214652,-0.204632,-0.211472,-0.184438,-0.193417,-0.204835,-0.200582,-0.200432,0.004814,gov2022
87,-0.200821,safe_r,safe_r,0.000000,safe_r,0.000000,safe_r,0.000000,R,True,False,False,True,-0.529250,-0.007238,0.021054,3,1.405880,structural,0.700800,False,False,,Riordan T. McClain (R),true_incumbent,Craig Swartz (D),Riordan T. McClain (R),-0.190782,-0.193734,-0.179329,-0.225986,-0.182653,-0.199743,-0.208608,-0.215819,-0.210557,0.005344,gov2022
91,-0.204517,safe_r,safe_r,0.000000,safe_r,0.000001,safe_r,0.000005,R,True,False,False,True,-0.594844,-0.036339,,1,,insufficient_data,0.704500,False,False,,Bob Peterson (R),true_incumbent,Ellen Yvette Clark (D),Bob Peterson (R),-0.182900,-0.179504,-0.179285,-0.232336,-0.184778,-0.202937,-0.215356,-0.234648,-0.226045,0.006696,pre2024
82,-0.218192,safe_r,safe_r,0.000000,safe_r,0.000000,safe_r,0.000000,R,True,False,False,True,-0.588273,-0.019379,0.000257,2,1.358040,insufficient_data,0.718200,False,False,,Roy W. Klopfenstein (R),true_incumbent,Magdalene Markward (D),Roy W. Klopfenstein (R),-0.224562,-0.224649,-0.201373,-0.228418,-0.202600,-0.209693,-0.227409,-0.224951,-0.235707,0.004586,gov2022
85,-0.225734,safe_r,safe_r,0.000000,safe_r,0.000000,safe_r,0.000001,R,True,False,False,True,-0.602204,-0.018801,0.051590,2,1.478149,insufficient_data,0.725700,False,False,,Tim Barhorst (R),true_incumbent,Victoria Maddox (D),Tim Barhorst (R),-0.222793,-0.236044,-0.214115,-0.240506,-0.208080,-0.224285,-0.232416,-0.232890,-0.236090,0.005193,gov2022
84,-0.265168,safe_r,safe_r,0.000000,safe_r,0.000000,safe_r,0.000000,R,True,False,False,True,-0.685474,-0.021003,0.013296,2,1.328685,insufficient_data,0.765200,False,False,,Angie King (R),true_incumbent,Arienne Childrey (D),Angie King (R),-0.278977,-0.279637,-0.249906,-0.276931,-0.242883,-0.259581,-0.272438,-0.269352,-0.274957,0.006554,gov2022
